News Title,My Ground Truth,ChatGPT,Claude,Gemini
Meta captures employee mouse movements to train AI models,2,3,3,4
Chinese AI actors spark personality rights controversy,3,4,4,5
Driverless car starts to pull away after being stopped by police,2,3,4,3
AI chatbots lure vulnerable gamblers to unlicensed betting websites,1,1,1,1
ChatGPT accused of enabling Florida State University mass shooting,0,1,2,1
"Meta, YouTube found liable for addicting child to social media",,2,1,2
ChatGPT advises exec on how to fire company founders to avoid payout,2,2,4,3
Welshman kills mother with sledgehammer after speaking to Discord AI bot,0,1,1,0
Google AI search summaries give cancer patients wrong advice,0,1,1,1
Meta AI agent leaks sensitive company and user data,1,2,2,2
AI error sees innocent Tennessee grandmother jailed for six months,0,1,1,0
AI agent hacks McKinsey employee chatbot,2,2,2,2
"Paraná school attendance facial recognition system criticised as ""invasive"", ""noxious",1,3,2,4
Advance UK secretly uses fake AI influencer to post anti‑immigrant content,1,1,1,2
"Critics slam ""exploitative"" Washington Post AI personalised pricing",3,3,3,4
Princeton Review charges Asian Americans more for SAT tutoring,2,2,1,1
Amazon charges local school districts different prices for same supplies,2,4,3,3
Sony PlayStation game dynamic pricing test sparks backlash,3,5,6,5
"Grok generates offensive posts about Hillsborough, Heysel football disasters",2,3,2,2
Tesla Cybertruck attempts to drive off Houston overpass,3,1,2,1
"Polymarket traders weaponise AI-generated Iran ""war slop",1,2,2,3
Iran war with Iran monetised by online creators using AI disinformation,0,1,1,1
"DOGE uses ChatGPT to cancel ""woke"" U.S. government humanities grants",3,2,3,3
"Grammarly AI ""Expert Review"" rapped for unauthorised use of expert identities",2,3,2,3
OpenAI accused of using ChatGPT to act as unlicensed lawyer,2,2,3,2
AI chat app exposes 300 million private messages,0,1,1,1
AI-powered spyware used to track Italian journalists,0,0,0,0
AI systems used to conduct sexual violence against 1 in 5 Brazilian children,0,0,0,0
Meta AI smart glass videos secretly shared with overseas contractors,2,2,2,2
Gemini allegedly 'coached' Jonathan Gavalas to commit suicide,0,0,0,0
Sacked UK gaming journalists misleadingly replaced with AI writers,4,4,3,4
Bengaluru techie fires cook after AI monitoring system catches her stealing fruit,6,5,4,5
Pentagon uses Anthropic's Claude to plan and support Iran airstrikes,0,1,2,1
Tenerife lawyer fined for multiple AI-generated legal citations,3,3,4,3
Waymo blocks ambulance from reaching Austin mass shooting,0,1,1,1
Samsung smart TVs ruled to have violated customers' privacy,1,2,2,2
Ford recalls 4.4 million vehicles over faulty automated trailer software,3,2,4,2
Radnor High School hit by fake AI sexualised images of students,0,0,0,0
"Google BAFTA automated news alert includes ""N-word",1,3,3,2
"Hacker used Claude, ChatGPT to steal Mexican government data",0,1,1,1
British Bangladeshi man wrongfully arrested for theft after facial recognition error,0,1,1,1
Chester grandfather wrongly accused of theft after Home Bargains facial scan,0,2,2,2
Study: ChatGPT Health fails critical emergency and suicide tests,0,1,1,1
"AI system directs Amazon delivery van on to ""dangerous"" mudflats",1,3,3,3
Pentagon uses Anthropic's Claude to capture Venezuela president Maduro,0,1,2,1
OpenClaw AI agent deletes Meta engineer's emails,3,4,5,4
ICE facial recognition app misidentifies woman twice,0,1,1,1
Actress accuses Albanian government of abusing her voice and image,2,3,1,3
"Unprompted, Grok exposes porn worker's legal name and birthday",3,1,1,1
Thailand suspends Worldcoin iris-scanning operations,2,2,3,2
Amazon AI coding bot causes AWS China outage,2,3,4,3
Fidesz causes outcry with divisive AI-generated political video,3,2,2,2
Korean woman accused of using ChatGPT to plan murders,4,1,2,1
AI-generated code error results in USD 1.8m smart contract loss,3,3,4,3
ICE AI tool sends recruits into field offices without proper training,3,2,2,2
Innocent customer thrown out of supermarket after facial recognition alert,1,2,2,2
Study: Sora 2 generates false claim videos 80 percent of the time,3,2,1,2
Infostealer malware steals OpenClaw AI assistant data,1,1,2,1
"AI agent tricked into sharing 45,000 financial services customer records",1,1,2,1
"AI-powered Ring doorbell dog finder blasted as ""creepy",4,5,5,5
AI-powered U.S. private school generates faulty lessons,3,3,3,3
"Businessman castigated for ""dehumanised"" AI-generated Glasgow mural",3,5,5,5
German broadcaster publishes fake AI US immigration videos,1,2,2,2
Royal School Armagh students targeted with explicit AI images,0,0,0,0
Google accused of stealing David Green's voice for NotebookLM,2,3,2,3
Thousands of OpenClaw AI agent servers exposed to hackers,1,2,2,2
AI agent criticises human developer for rejecting its code,3,7,8,6
Chinese AI video tool accused of abusing US copyrighted works,4,3,3,3
"Anthropic ""destructively"" scans millions of books to train AI models",3,2,3,2
Social work AI transcription tools wrongly indicate suicidal ideation,0,1,1,1
"Dutch probation algorithm found to be inaccurate, discriminatory",1,1,1,1
"Study: ChatGPT ""systematically"" amplifies global inequalities",1,2,2,2
"British Museum AI-generated ""visitors"" spark fury",3,5,5,5
Roblox AI age verification system accused of misidentifying minors as adults,1,1,2,1
Study: AI-powered stethoscope fails two-thirds of the time,1,1,2,1
AI-powered sinus surgery tool accused of repeatedly seriously injuring patients,0,0,0,0
AI article sends tourists to fictional Tasmanian hot springs,3,5,5,5
Amazon AI agent-driven shopping trial sparks backlash,4,4,5,4
Chinese chatbot accused of giving inaccurate university location info,5,5,5,5
"Eightfold AI recruitment start-up accused of ""secret"" job scoring",2,2,2,3
"ChatGPT accused of acting as ""suicide coach"" in death of Colorado man",0,0,0,0
Waymo robotaxi strikes child outside Santa Monica school,0,0,1,1
West Midlands police use fake AI output to ban Israeli fans from attending football match,4,1,1,1
Google AI falsely accuses musician of being a sex offender,0,1,1,1
Pro-Ukrainian hackers use AI-generated decoy documents to infiltrate Russian defence industry,3,3,4,4
ChatGPT accused of illegally excluding Indian online marketplace from search results,2,3,3,3
Grok generates sexualised images of children on X,0,0,0,0
Grok generates sexualised images of mother of one of Elon Musk's children,0,0,0,1
Grok AI digitally removes female journalist Samantha Smith's clothes,0,0,0,1
Zoox robotaxis recalled for veering into oncoming traffic,0,1,2,2
East Sussex man jailed for generating and distributing thousands of indecent images,0,0,0,0
"Australian activist Caitlin Roper targeted with AI-generated violent threats, images",0,0,0,1
US tech worker goes crazy after obsessively generating AI images of herself,3,2,5,5
ChatGPT persuades depressive man to take pseudoephedrine,0,1,1,1
Beijing uses AI to suppress Tibetan refugees in Nepal,0,0,0,0
Deepfake video accuses Indian Prime Minister of corruption,3,2,2,2
AI agent runs WSJ vending machine into the ground,3,7,7,6
Hellobike robotaxi injures Zhuzhou pedestrians,1,0,1,1
Canada Revenue Agency chatbot gives incorrect tax filing guidance,4,3,3,4
Grok spews misinformation about Bondi Beach mass shooting,0,1,2,1
